0,100,100,100,100,100,100,100,100,100,100,100,100,100,100,100,100,100,100,100,100,100,100,100,100,100,100,100,100,100,100,100,100,100,100,100,100,100,100,100,100,100,100,100,100,100,100,100,100,100,100,100,100,100,100,100,100,100,100,100,100,100,100,100,100,100,100,100,100,100,100,100,100,100,100,100,100,100,100,100,100,100,100,100,100,100,100,100,100,100,100,100,100,100,100,100,100,100,100,100
3193,1083,1142,3651,3349,2603,279,2864,1255,1599,1650,1363,4557,2477,1319,4330,1508,145,2847,2355,2805,2673,702,1140,2441,180,3233,675,4981,1809,3009,4887,513,1651,2471,4679,3758,39,3485,4397,2803,2605,2188,3677,4369,2202,3135,3142,3410,440,3529,2932,1063,3479,4036,2856,4029,3732,4599,4940,3616,1801,1782,1459,2081,2639,1229,1623,2095,3608,2301,2341,782,4773,3101,4142,131,4360,620,2022,1216,3743,3145,2437,1625,4401,3246,1383,4463,1109,1886,375,3567,1241,2609,3516,3169,1521,2648,2546
4289,3434,2858,4058,2905,1981,1099,3920,4128,1663,1939,4288,3266,2456,164,3846,3850,595,2480,3186,2072,1821,2733,1322,3451,1656,3029,2558,4217,324,1695,1928,4806,4598,2744,1763,4903,393,211,4014,911,4468,3315,2888,442,3785,3902,134,3605,135,488,453,3561,2505,3183,1280,2354,1253,840,2968,2495,1904,2735,4570,4008,3472,3056,2615,1109,160,2940,1090,4226,2679,1959,1116,2905,1953,2517,1969,2779,3403,703,833,1219,492,4064,687,172,1324,4320,1806,4401,1233,3962,644,2721,2517,2904,796
1014,3769,377,4543,2006,2522,4538,4100,2525,2884,337,790,922,2779,4843,3840,4182,1545,301,428,666,3279,2361,2019,3689,625,4247,1591,4547,3900,3823,2861,2651,3579,1576,3505,3513,874,4534,521,1818,740,2616,1866,4987,4906,1106,1284,1828,4718,2557,880,3523,4859,4841,1776,4986,4800,2080,2649,2905,3607,3171,549,2798,4284,2929,4880,3681,190,2215,4652,4379,3077,2269,1678,3794,1477,699,1041,2237,1624,1185,3482,4652,4609,4020,3019,2728,352,1162,773,2695,1803,3210,1997,1532,2369,1464,2708
933,3138,4106,3919,4577,4900,4467,2525,4300,4624,4346,4899,848,4381,3271,1214,2808,3023,68,1594,3997,4753,438,4533,641,2014,4778,567,4883,2497,1404,3760,3553,4427,2710,960,2934,4621,4251,753,3408,3372,2541,808,3246,2530,2004,3886,2140,4388,4956,1653,831,2199,4274,1912,4380,401,4745,4184,163,666,594,3732,1484,4055,527,390,3923,842,3765,1326,4823,3033,2858,1754,1978,454,364,3071,99,2900,639,755,2436,4737,4621,152,4401,2174,4703,3554,3632,4090,2346,717,1289,1295,1083,1972
4707,913,3275,405,2119,3395,1883,57,2875,2387,2426,3843,4427,308,1835,4085,4574,294,1333,4159,1129,1229,2119,4411,4074,1111,3776,4543,1302,4140,4714,3385,625,2616,4983,67,2141,2423,614,3709,1220,2040,72,2928,2874,1842,594,745,2477,353,1853,3175,3719,888,4942,1944,3781,4431,4718,2332,2269,4550,3410,2924,3215,2053,906,3689,469,2725,2335,1397,2022,3406,4627,1053,4465,1306,2076,691,2279,1343,3975,1263,2707,3020,1527,403,4134,2283,2130,4698,2086,2475,2352,3674,2644,3975,264,3715
4871,3219,1878,2097,817,1160,3519,1460,4889,3874,3580,2742,4597,4985,4184,3054,3767,1748,3064,4097,4667,4318,2969,962,3381,2019,2956,4933,3603,3816,4995,3578,571,2328,4973,2161,4436,814,0,4584,2416,713,1001,2557,2004,1280,44,652,217,1607,2004,2965,3170,1869,284,1678,3523,4741,1337,3205,3027,973,2523,4655,4039,1168,743,3297,344,249,507,2396,974,2438,4417,3354,4784,2787,1312,1639,3422,4574,3628,2252,2965,3369,469,3024,2861,3356,2968,4913,3844,221,2106,4683,1173,2375,4736,327
2140,476,2120,4758,2569,1799,2621,265,4488,1257,177,3275,152,682,1309,4634,3351,724,249,3710,3343,3639,4373,3456,3794,1509,4012,1691,2965,973,286,4320,1053,2654,2652,41,123,3617,4140,2323,1487,4979,2149,2095,3716,285,4926,462,1266,2649,3779,3680,395,930,2503,4215,4957,1774,4938,162,3030,3370,3733,95,4290,3354,524,1867,1019,4325,3258,1869,3082,3305,1689,1528,3172,362,3834,4383,965,3995,4980,2374,2302,3054,4723,3583,3245,122,2362,325,2604,4665,4557,1833,515,1268,1274,42
3517,3767,3641,912,1571,2251,3384,2184,1178,554,2966,4843,1581,2847,299,489,1809,396,3999,1566,2082,93,4862,4592,59,4786,1276,2492,935,2597,4945,2261,4851,1010,2627,1579,806,4071,2990,2052,1751,4743,3520,2322,1566,2717,2277,4942,4578,4359,613,1217,4314,2434,293,1166,3841,1086,2654,3265,2637,1353,3620,2513,2324,4180,3627,1193,576,3431,4322,4190,4213,2224,3286,787,237,2775,4394,2679,1437,1192,778,4753,1474,4833,3852,1526,1414,4956,3582,1778,3513,3434,654,288,4976,4437,3276,1184
360,2960,4397,436,527,2345,4612,962,3839,3546,297,4385,1619,3178,556,3125,2311,2337,3023,2405,20,3260,999,4005,2314,688,1238,3811,2570,3735,2120,2465,1908,752,2824,1842,4567,4324,1261,435,275,3726,2770,4882,871,418,4241,392,1748,4307,3189,4040,202,617,3526,1943,58,129,780,2662,2911,4611,2851,2236,1823,1401,132,4827,3094,4701,4766,458,2203,2213,3242,2899,2384,3682,3991,3325,2721,3596,3999,4005,4297,4,1179,284,353,1668,1480,4246,4768,2236,4984,2846,2151,256,2549,4049
4497,4407,2992,4172,4935,1560,774,2763,3184,206,450,4188,3895,4650,1041,2015,2249,1898,255,4375,3221,1877,4632,1107,1865,3927,4526,1384,3601,3272,532,4311,4024,1330,3500,1479,1746,2336,2673,2410,2876,2965,4236,999,3884,31,347,4686,1084,449,188,4053,2741,4281,843,1123,3288,3962,4923,1981,33,4305,3568,3132,776,4651,4273,3170,2574,4505,2348,307,4844,1201,4199,1857,3107,4205,2493,4567,2216,427,936,3327,3660,2958,1894,3567,4810,4081,547,3467,3429,1370,4178,2955,1972,2245,1559,100
3293,57,3329,1299,2390,4115,2876,4103,3894,297,1920,3376,33,2759,3166,1008,496,1237,1476,409,1315,3600,1377,574,3998,1086,2702,3323,3615,4464,2896,2979,138,3884,4311,3234,427,158,2641,3917,3870,920,2602,856,3097,3673,891,3069,4370,3392,870,616,484,3872,2536,3823,383,3137,391,669,2874,507,3334,3552,3189,548,4364,2388,1444,1436,3751,2706,4265,4410,4922,2635,4894,464,4659,3349,316,1457,1308,4287,3552,1370,4636,1807,3617,1225,2556,2864,1676,2686,191,517,4346,416,4376,1542
4159,2305,2303,3455,3191,4359,2694,1903,878,4831,4760,1511,2404,1308,886,3081,385,4823,1136,214,4504,2332,4102,1102,1977,552,4692,3487,1865,3582,3288,3189,3408,1529,1982,3333,2755,1539,402,40,4910,698,4310,1018,469,2014,2977,4162,3253,4349,1711,856,368,4604,1626,3442,3911,1421,3753,4648,1980,3832,4986,2207,773,4375,2677,1198,3516,4789,3775,3958,209,174,3596,923,947,2013,3762,2406,2897,616,3224,72,3095,176,1409,1593,1015,4552,3999,4380,2098,4108,730,4600,4918,3992,2001,777
3412,2795,3914,3136,3536,4881,2389,294,916,2426,4094,4135,808,2295,386,3588,1862,2529,109,221,4213,2040,740,4794,2814,2964,1939,2997,2301,1313,3343,1762,4991,4621,3304,3549,1448,3916,2806,2057,3887,3277,4283,2307,4640,3583,4671,39,2551,4988,2876,4277,4202,1365,3702,4537,4399,3831,1950,1094,2633,3944,2810,3881,1213,1769,3944,3739,555,4106,2244,2311,3771,1229,2149,1247,4293,1758,2581,1738,34,4230,2275,2431,2523,326,4339,1418,2013,3714,1479,8,1564,1996,3921,3805,1081,2919,2326,3418
570,375,2293,4489,3295,4555,195,2674,253,3323,2280,1934,1455,3503,2666,3285,3391,777,2807,4191,1771,3138,1160,951,1603,4850,4631,804,3073,324,4194,665,4393,3975,780,4019,2057,185,3730,3731,2914,2952,2580,3387,4412,2292,182,1311,2892,1741,3739,4385,4248,3704,2472,926,3639,177,4051,4535,1380,3654,1054,531,804,138,4514,4836,2800,2125,2013,754,1407,751,328,4138,1744,4662,4110,3413,2871,3425,4855,4166,4655,3066,3171,165,215,2026,4868,622,4406,641,3576,397,4780,4613,1462,1109
370,582,1862,2245,3819,991,4185,1273,4658,364,3497,3452,3597,1864,1824,4708,4136,3258,490,77,4114,2873,4426,385,1221,4837,1731,2984,4210,3839,4362,333,1832,2615,2681,1584,3059,1831,4769,374,1545,1563,4399,951,4206,4494,1800,3137,2520,2596,4315,2946,3595,2098,170,792,1160,281,1727,2907,1467,366,4641,4744,3288,2139,4879,2708,2724,3194,2677,2058,131,3826,2430,86,2156,393,1335,684,663,4124,4871,3763,2103,138,3190,3003,1137,1906,405,967,2674,4949,2231,149,4559,819,2061,3412
3245,2831,1695,3821,1871,2913,3181,2176,730,923,1973,4549,2185,92,4438,768,3369,3289,3563,3339,2741,4989,1376,1851,227,3036,4325,630,1576,994,1497,2532,293,3386,1888,3708,2934,3788,2083,3647,1355,1668,1687,259,831,4490,3163,4828,430,4183,4418,1569,1477,4458,1090,875,570,4072,2338,4896,1444,2574,4919,4718,3771,791,2701,367,2918,1852,3323,2430,3063,630,1198,187,4714,4611,3524,625,4674,1871,3492,352,4614,2741,35,4008,2875,612,1622,2691,4288,2901,2580,2794,2660,1370,4835,701
3698,4638,353,2421,340,1840,2512,4191,3794,3574,1519,1502,2593,3055,2039,1020,3474,1850,1602,102,298,4588,3993,2793,2204,1572,3920,3906,4662,292,3080,3763,2174,3364,4685,4713,4523,3244,197,73,2688,3522,4760,2133,3232,3608,2491,807,1508,1832,4348,3938,1350,1613,177,2109,1416,3024,4583,1085,2819,2833,91,4756,422,3398,4611,534,3398,4569,3137,3049,3335,4654,2209,3058,1476,2785,2917,1343,719,4610,4748,3721,3049,1726,4801,2307,22,372,1871,186,2488,4818,609,4612,1933,1077,4332,266
1322,1472,4131,908,1061,1785,3194,4306,746,1852,3934,1216,1671,4335,3266,3703,2180,1985,3490,1471,3331,1981,1937,2907,838,2329,892,239,2227,3366,775,1563,3671,2856,1453,853,1045,149,2564,1514,4149,470,3021,1939,4114,2111,427,3171,2515,1915,4146,2186,132,1214,721,1828,3586,110,4426,568,612,4581,3258,1864,1808,4347,2187,2806,274,471,4024,3855,3726,2388,3994,2088,3644,4926,1207,4392,4827,809,867,3676,2323,151,4938,1722,1070,3830,3714,108,645,4603,377,2773,1705,2901,1787,1578
3642,1479,1092,1447,4986,957,2463,3914,4837,4522,3889,2696,987,3615,2391,2857,4313,1056,3954,1867,2751,2123,980,4277,1302,1279,3306,1715,1213,4109,2808,4890,351,3903,3359,1060,2927,1677,3950,669,1431,35,4333,4418,776,523,2322,3898,4342,2345,4944,2930,4721,2834,2555,4871,3462,4462,2230,2478,4946,3881,658,2353,3141,2515,4902,4065,3681,1203,4593,2468,3799,2652,3231,1703,2974,1041,864,4176,2097,2673,1759,1268,2717,4178,2988,2242,3229,1049,850,3995,846,3960,455,2225,4790,1983,1395,724
769,4844,4753,972,872,1665,4384,441,3266,823,2068,1363,2716,3913,1843,1170,3206,832,2891,2095,4568,1175,4689,2382,4833,3290,3962,2856,1102,2247,3934,274,2191,2665,4616,185,287,4021,1941,4819,1126,3300,787,204,4499,1534,545,68,1385,3737,4998,1841,3836,3409,320,3323,4717,875,4081,1824,4730,4525,1379,4853,1157,237,810,4211,358,1966,4803,379,2707,4071,416,1461,3297,4469,3403,2464,3757,2550,4414,1144,190,3816,1875,1689,3902,258,4418,2444,376,4167,4264,1693,568,3349,1223,3911
1083,1771,4379,3891,2966,4907,1109,4780,598,1439,633,992,4262,4359,4991,2289,2435,3187,551,4101,1095,4934,3170,1247,2328,4559,632,3605,3237,4530,566,1466,4411,729,4147,2108,883,3390,2849,1272,4772,2131,1807,3857,390,2378,1610,2856,739,3537,2386,4590,4378,4804,4576,1212,3746,371,4152,205,4525,2468,3518,2836,2576,331,2441,640,991,3029,4865,4816,3944,1182,4967,2919,1936,2306,1808,4293,1663,4544,1700,3007,1382,4083,3773,886,1702,302,1126,3843,219,3234,1980,775,4827,2812,793,1175
1021,1568,1019,4200,3998,1164,926,3094,1162,4885,2086,1608,70,3701,1720,86,2105,1295,4720,3057,891,2007,3836,4440,3405,3451,3459,2719,780,1820,4308,1835,1138,3882,2809,616,1995,4186,1013,4809,1609,1062,1694,2053,2443,2537,4852,965,1069,3196,1055,3535,1624,3902,1935,2091,1439,424,2005,2458,2964,674,4253,263,2214,2391,4981,2439,4032,1271,1853,1291,2672,2785,333,3507,4453,2504,4625,363,2644,3295,297,775,1769,7,4671,3982,3999,1803,419,4182,4755,2314,1451,4295,3878,1263,3643,4682
2576,3324,2753,3289,2673,4568,3187,2365,64,2593,1458,2980,2109,3439,4586,3144,3036,1264,2908,299,1497,4582,2143,4554,2911,564,4029,722,3929,2139,599,1812,1083,3527,746,772,2090,3083,241,4536,2015,2347,660,1060,80,1464,1036,1399,631,199,2718,3374,2551,2541,1628,1026,257,4455,1284,2647,1992,2897,2569,4895,4164,1333,2037,607,2037,3091,3913,4692,2560,704,2550,3736,2273,4993,993,4247,3224,3349,3210,513,61,311,3686,748,2274,2213,2025,2441,3759,3684,2539,1783,4186,1087,3616,3179
231,355,762,3980,4320,2480,2027,3285,1605,2821,547,2004,3928,3027,4972,1389,4122,1060,2551,4906,3110,4724,1537,4002,276,2414,3857,869,4620,3277,4648,2907,1729,4507,2278,2491,1686,2127,2813,3169,2704,4299,3373,2574,4179,856,3906,122,1191,4375,2574,2634,2834,4322,4761,2689,2572,1432,4591,1578,4045,2093,3016,1186,3649,2244,4892,1996,2375,1978,823,3918,3855,4009,1853,4959,2716,137,3602,3717,1471,4357,1946,3416,2598,664,1674,4366,10,282,4009,2547,3046,1547,829,625,1137,1726,2432,4399
2501,3363,2266,244,2453,1562,4589,905,1590,2494,3348,1981,3370,4450,3017,4216,3540,4724,1686,3841,4735,2491,2366,709,997,3364,3753,634,2375,3873,4094,1333,4132,3304,1056,65,4502,871,3803,4268,1939,3970,4731,1403,505,3956,4486,2250,3525,2393,1817,3365,4913,4632,1422,3584,2212,4767,3756,679,2859,2150,4019,589,3486,2143,4482,4276,93,4489,3075,4884,406,1663,4377,621,4182,1707,823,3221,1428,1828,2843,1594,4736,393,875,3173,3350,3715,2744,938,3368,3235,3847,654,4481,1426,93,3702
3193,2076,4589,484,1433,1307,704,654,3030,2227,2443,2337,99,3370,2103,4380,2984,2966,2596,1736,343,2606,3301,417,3983,540,1661,338,2825,25,3712,2011,2729,1747,2907,543,270,2261,4993,3891,11,4493,816,2363,2886,305,1063,2332,4225,3720,2767,3805,2386,587,2921,2997,1980,4262,851,4281,4934,2714,4185,827,3020,162,3864,2245,976,4545,3003,4422,3969,845,3329,4331,1936,3323,2030,3874,4015,1636,3953,2941,2123,2549,4647,1909,4607,2694,989,371,1404,2237,3486,2785,1857,1179,2506,1613
4227,1638,1295,13,3936,4178,3598,1513,4427,2308,518,3975,2390,2080,4223,267,1965,4349,1253,3563,2459,4854,547,795,3622,3040,4833,4733,134,1439,4025,2518,2670,494,2469,4645,4630,2660,1620,1759,2554,2902,4016,1290,2776,1484,1882,3608,3555,4320,4822,2429,2228,4794,860,567,609,2778,3171,4352,3232,3016,2262,4373,4395,1033,3389,3246,718,3452,4169,4379,3814,3295,4442,1825,2677,3492,2399,4793,2649,2144,2227,4361,4320,4196,775,2172,3656,3949,3829,3404,3548,4034,3738,2363,2699,3063,375,3456
1301,749,3725,621,3388,3523,1218,3036,993,2485,2513,3708,1894,2576,2,4677,2915,1043,2740,4537,4163,3603,2493,3017,181,615,1948,2771,1037,2203,4252,1952,2091,3683,1578,2628,1358,1449,4299,2839,2796,1811,362,4992,2121,682,4679,2841,3001,264,1626,4433,1679,4113,61,3862,1724,446,2446,3965,4994,4673,4010,2173,3664,3162,3777,4420,777,2129,3748,4896,4301,2348,2605,3982,2059,4801,3302,1580,4670,2919,730,4292,4406,2780,4991,648,3762,1352,4641,4761,1075,1667,1955,139,169,4921,1177,3095
4715,4750,1048,4995,4648,802,2986,1677,2868,1807,1411,138,3728,4848,2088,2255,4385,932,2775,777,4075,711,2784,4117,4101,338,961,3913,1137,4579,4299,1893,2822,1363,475,968,2937,2212,254,1082,4683,4674,136,922,3250,2346,4665,1350,4516,2714,1609,968,778,4492,2135,2058,2637,2954,4092,1117,21,1223,3794,3095,3958,196,2823,4652,4940,3633,4595,657,3306,4388,3277,4650,4336,1429,4660,4424,3291,1412,1566,2282,4774,690,3416,1352,1500,3506,2099,3090,4654,4690,2991,863,61,1236,4888,514
3786,3868,4568,264,1417,4793,3255,850,1372,884,2584,4453,2149,69,1718,2530,817,223,4097,2483,1779,3734,1691,705,3908,2292,2435,1416,580,1670,3398,4033,2621,1441,3632,4590,4240,265,2325,1878,529,2452,2578,2402,4608,1839,2920,1972,3244,4387,408,2124,2599,2105,2604,2448,591,3849,608,1649,1178,3834,2461,3048,373,3481,3684,828,2519,3065,2901,4631,4615,582,4919,4897,3015,937,820,4578,3910,1536,2392,2197,1476,468,4581,1173,307,2765,3544,379,2211,522,3916,2494,3328,1273,2762,46
932,4871,332,4192,3249,2262,2593,1671,2114,2283,2287,2655,3532,3957,2967,2706,520,2556,1372,3757,1578,955,4136,4457,1886,1902,1183,4576,4486,3217,3578,4820,485,4626,3130,3195,199,4437,435,964,268,103,4149,1998,3683,2345,582,2439,4805,1926,3163,3685,1795,646,2799,1389,4520,1893,4136,1711,3023,1676,952,4503,254,640,970,610,3,2445,4040,714,1866,1851,4745,2868,3792,2032,2896,2467,2267,1418,2239,3252,2827,4772,964,50,504,1292,2953,2236,4371,4659,764,4663,3708,2190,3882,112
3297,283,4660,1004,3833,131,4600,771,1276,3335,6,2521,4542,136,461,2217,4314,859,2289,3987,255,4546,1484,2270,4664,1216,682,2610,2874,3362,2467,3860,2650,2992,2645,89,4292,1547,4489,911,3985,1292,3364,3735,1619,1636,1455,196,4499,1371,2387,325,1783,299,2796,4596,4299,820,3374,1634,3105,613,3149,2783,51,278,1943,738,6,1988,1072,870,1255,978,3846,2508,3182,498,863,4592,3608,3513,2453,3866,1370,4808,4779,3899,200,745,4618,2819,1290,425,72,1596,2151,1654,1964,1001
1556,1135,6,4769,204,1255,4403,3842,1630,1400,1867,323,3744,4359,3388,539,3867,270,437,4266,649,4637,3094,3149,4179,36,2475,405,425,2958,1297,4578,3935,2966,3043,1978,136,1412,4336,1664,1361,2011,4105,3955,4562,145,1627,4505,4796,996,4025,4211,1757,237,1056,1424,1982,4759,2428,2891,662,1674,4092,720,1591,3311,4863,2062,3337,2491,1285,3670,474,1418,303,4620,4498,2857,3390,2342,4558,4228,1263,3712,3454,4339,3493,719,2760,4936,4510,1293,349,555,2919,2426,4287,1850,4166,1156
2761,4879,384,4686,1298,2612,1383,61,1234,1991,2741,4224,4737,2764,3776,2923,4869,4872,3034,757,4748,4229,4927,92,1411,90,2314,4735,701,241,4609,2998,4075,2345,199,1577,4763,1409,3583,167,2200,4556,1555,3787,2259,1540,4928,1469,520,2730,3951,2721,1906,3071,1204,2045,3226,1804,3101,1472,3153,2849,2739,1600,2026,2696,2663,3948,470,2464,980,2271,3930,1575,111,2855,1639,3011,615,4100,152,3913,3866,2587,1504,108,4319,410,3499,868,1480,2466,2329,4520,2608,1030,3907,3738,3403,959
3114,3145,3103,4083,379,1111,1282,3159,532,3460,2319,2040,2127,3121,3720,3032,2262,878,1216,4531,3904,1624,3315,4406,443,2908,2610,4249,2539,2258,3944,3407,4424,1517,2934,3355,600,3718,270,3901,294,3296,1750,4942,4487,210,1925,4217,4265,554,1724,1139,765,4405,4760,2321,4578,3952,864,390,1800,4792,196,4608,2398,1756,2787,1531,4131,252,3594,1506,1459,2799,788,4750,1241,3028,2760,1091,884,72,2391,4872,796,4257,3592,1504,1180,2012,3437,2295,524,389,2253,168,168,618,1878,1725
2624,592,6,894,2434,4387,684,998,725,1825,467,1785,866,359,601,185,1418,2739,4410,946,439,4709,2366,4592,42,3850,503,3815,3732,335,4447,2119,2620,887,2044,4820,1248,4914,512,4082,4825,2356,4352,948,3948,4227,2396,4986,254,3559,2963,3494,804,4414,4709,1479,714,179,3102,1147,2784,3106,4352,2277,380,1111,1470,2049,2043,1536,2705,126,1593,2793,902,4822,2246,2067,259,3647,1954,4296,4358,4636,4357,4191,2500,1836,1678,1330,737,2620,4389,2039,1232,2660,4863,2605,133,1103
4291,212,943,3043,4590,489,80,1269,32,3852,1007,845,363,2599,1367,4064,2805,4560,1781,1007,3037,3154,1844,3073,3727,1617,3884,4018,2575,2078,3854,2190,2808,2091,2681,1203,4174,1622,4003,4258,3392,1035,3055,1376,1144,2082,2344,915,4543,2903,1476,138,4064,4839,1436,2347,4869,2487,2027,2512,3694,2081,72,2681,4360,2953,4349,290,4427,3631,1765,3295,4474,2722,1909,1326,653,3959,2742,2387,4120,3028,4985,2591,3709,4006,2445,115,2129,3071,1252,3790,4024,4298,3956,1614,4396,3931,4428,867
1351,3707,129,3152,3581,2871,67,73,1185,3450,4809,3170,4579,3031,2933,3168,2426,4122,2487,2192,1341,1613,2207,2446,4888,1747,3762,1833,4478,4899,1183,4655,2698,3368,4384,2537,4250,794,2452,4299,2930,1561,3040,3439,1506,3281,1765,1517,3736,2993,4359,1078,4606,1908,848,4944,4793,4201,2642,3784,3648,1073,80,4468,769,3932,2424,401,4161,2652,1471,4257,1074,4845,4103,823,3608,1729,2295,4623,514,2344,2807,1951,3817,4485,2787,2564,2543,531,2083,1694,1661,3446,1389,493,4801,3943,3082,2268
137,2092,22,2734,859,2837,2276,2536,2468,2799,3711,3195,836,1023,1535,2913,3758,4913,3184,2663,563,1222,1300,3205,507,2151,1807,164,1288,760,3993,2062,3794,588,3560,2899,16,4695,1965,4090,589,2153,1383,1559,1080,255,3518,1599,20,1975,901,3769,667,338,2058,3022,794,2872,3902,3111,721,4100,2087,2438,172,4200,1841,3583,4624,675,574,1546,3284,2674,4707,4880,4706,1931,2749,1008,254,4261,3087,3761,3229,2274,3718,4824,3456,3167,347,2502,401,2874,1029,1610,1548,1123,4972,3953
4939,1739,388,743,2789,4700,1052,3357,1411,1098,2366,4360,1009,1859,2421,2806,3686,1093,2672,4872,4000,2989,654,3003,1994,4125,4632,161,1058,4619,2449,3024,1547,1478,3876,582,930,1184,2001,1336,3821,1920,4851,144,3339,2330,812,70,4968,1332,1946,2304,4261,2298,3253,4751,3291,2017,1897,2013,1493,4379,819,1379,2306,1310,2355,590,1059,1206,3772,294,4726,719,1051,102,4595,2131,808,675,3344,4621,3468,4963,440,2667,299,480,3774,1646,3472,1200,1661,1456,4340,4008,4620,4870,77,3163
125,3734,1145,4073,1732,3527,4531,3468,2356,362,4990,563,3239,1003,3007,2252,4948,4225,925,395,2808,1396,555,1824,2762,4659,3927,1164,974,1884,2588,3886,120,1614,3657,3887,1514,4269,4822,2121,4882,3739,2157,4098,3386,4032,2384,2719,104,2416,3872,664,1721,2605,1893,2478,3603,3821,4682,1826,1060,899,2830,510,1811,4249,1058,2662,2907,2758,4631,698,119,672,869,2075,26,910,1100,2463,2054,3740,4210,838,4433,138,1473,430,1481,2036,2834,1718,3429,1915,1442,1585,1231,4044,3786,1440
764,2293,1673,258,2618,808,3000,4743,270,60,701,339,341,2642,1746,3870,3467,4249,2636,4234,829,873,131,1814,4002,815,3371,4654,3448,539,4770,1640,402,1991,3798,2412,436,630,854,460,874,3560,3648,2308,1530,800,274,1295,4815,392,735,4345,947,2141,931,2123,1026,2010,3506,2252,393,3865,3445,3762,3927,4111,236,3425,1635,2372,1716,2028,1191,1094,1438,603,2386,555,861,427,633,1404,4992,4937,1236,920,4778,1810,3554,4375,4724,3735,864,4058,1489,3879,2151,4362,774,856
2610,3621,2458,1359,3336,4966,3356,110,1988,2749,3607,1323,3707,984,2463,851,611,4058,3859,4212,2962,735,2929,2599,2677,4334,280,883,3837,333,2959,4839,961,2329,3102,4089,3863,4572,1588,279,122,4120,1349,635,2687,1081,760,1399,1508,945,3053,4091,3457,3269,4259,898,1309,3604,4305,1591,4323,4296,3669,2427,3124,1273,2220,1731,3291,363,3102,4786,2891,335,4443,4017,1192,690,1387,3621,3952,3420,4658,729,4297,1694,509,2726,1722,4525,4679,4338,3046,4731,196,4709,1480,2602,3887,725
3640,1152,119,799,2584,213,1509,2781,782,4285,2781,4711,3179,4500,4843,3157,3766,433,1972,2333,1802,4229,1230,4366,1777,2325,4416,4293,721,1344,4738,1401,1309,4824,3454,2104,3910,365,2101,2457,4678,4928,1669,2418,2985,3132,1209,1986,2950,1547,4067,4459,4578,1816,1718,3798,3586,3159,2824,2759,842,2690,2358,1700,3652,4362,1669,4758,1657,1657,2848,171,3331,1379,2039,2140,923,1331,2027,3967,2522,4254,1053,4314,4567,4357,3103,4455,544,174,3043,3444,3226,1522,1303,2056,986,4587,2877,4867
466,4594,3420,1660,1615,2472,4672,140,1436,1465,3885,3696,3391,24,141,4114,1405,914,4012,4138,283,3295,4892,3893,3369,696,4225,3111,4244,3890,1796,1171,1840,968,3640,42,4110,3958,3363,2159,601,447,3156,3910,2,3152,1799,452,4795,811,1857,4256,3311,2898,1394,2711,3764,2645,1143,1028,4312,4805,2347,189,1033,260,2860,158,2018,85,4784,3488,2171,1512,4876,727,3665,283,45,1199,191,2480,187,4380,3791,754,4645,46,2007,660,4077,100,2283,1239,4663,3889,2360,321,4317,4043
982,1263,2925,613,15,3463,4095,3496,310,4818,4912,2956,1703,380,1437,3157,4801,1142,1566,4418,1529,847,1415,4426,4288,4906,3137,329,4241,3337,3409,510,3429,2065,2134,1018,1691,4539,1857,1126,1810,2295,4978,2024,2640,4776,3229,1456,220,2201,3151,269,473,3387,3128,2903,3946,4709,3901,2613,4014,24,1849,3615,4422,3276,2005,2173,4855,513,3411,3828,2059,911,4196,4008,2138,407,4888,4601,3539,654,1153,2062,3218,1679,1573,2105,3139,3854,2479,1422,2135,689,4967,4483,3094,1961,794,3083
4735,451,2697,2234,2077,4494,3773,4050,422,2169,1378,4756,3977,2918,2608,1041,301,1109,3684,1423,382,4117,1891,4817,3898,1336,1422,2983,3573,2811,3580,3254,3710,623,4639,4353,480,632,4105,4248,4797,77,61,2871,982,263,1837,1922,4347,4621,4839,1835,1423,1384,4463,719,2672,1956,3676,2703,2661,3002,2004,492,98,1493,2420,151,3472,1372,2559,3892,4112,538,180,420,2548,1578,3942,3327,2889,3281,1696,3181,4517,4579,4251,2704,3285,1786,4227,2807,1800,1342,767,4473,201,1351,3331,3134
619,954,3133,4205,2189,2834,4290,3619,298,736,3456,921,2114,3717,1798,4606,584,2755,3604,4865,158,2942,3018,410,163,2447,2460,4065,4397,657,2269,3611,3449,4899,1134,1630,521,252,3936,3112,2637,4795,4113,1860,1405,591,2489,1703,1950,2790,4985,3960,4443,1846,716,871,4362,1646,4031,3282,4863,2133,4395,2364,3259,338,3425,4761,795,4286,98,198,1976,1193,2086,3763,4356,231,1223,4923,3060,933,2254,2614,3171,2672,3956,749,1712,1534,250,126,747,458,3346,4392,1635,1986,23,3156
2474,1651,4125,1851,4971,4943,3603,1090,4497,454,2454,2213,436,125,3225,3335,3681,4766,3198,400,3322,4704,3430,359,1586,4196,2482,3510,1072,355,1262,3948,3407,3365,4251,1486,1288,4602,1284,2500,4818,2224,1435,461,3885,4533,610,4121,1415,1173,1638,4464,4694,3266,3941,1598,582,23,4677,3970,2078,4354,4548,2669,1336,3006,948,1359,3873,1657,3859,1471,4171,3686,2247,2907,3056,2280,3864,2512,970,1086,2985,4463,4807,2518,2045,4536,2910,2621,627,687,3536,38,4132,592,4089,3377,4405,3993
2014,3963,4978,2004,3078,2110,2641,4486,1222,3792,3620,2279,4004,3108,2728,3045,109,3415,3286,3160,723,1303,2241,281,1832,2695,2474,2020,4476,2132,1618,4673,3028,2815,4683,2028,1756,1823,4175,4013,4016,1824,3602,718,3608,3440,2880,1861,2711,3228,2376,4093,4128,3939,3760,2043,4420,820,1888,1445,623,1191,3104,4541,1527,468,4554,90,3042,1338,390,4776,1422,502,4647,236,3421,4057,1033,3448,1087,1924,673,1835,2034,4662,3458,3332,1448,3929,1894,4539,486,363,2151,3723,4923,4460,2352,3897
1392,1307,1012,3664,1890,2660,753,4497,4031,1588,2299,2835,192,3637,771,4943,4254,3137,4354,3183,4301,876,3451,4822,667,2715,3921,573,1753,1093,4206,1749,1036,3438,1370,1392,2557,2685,2155,4851,4950,2440,4759,503,1230,4932,2771,391,3661,4003,458,1254,1230,3470,3262,1625,4672,468,1954,1504,1021,1003,2296,658,398,3500,1394,1811,4693,4498,1781,1282,4514,1887,1560,3899,1462,717,878,4617,1160,4812,2086,4862,1565,3106,1507,3569,136,2821,3274,1666,167,2915,2086,1167,2840,3065,924,2954
3649,4859,1185,549,3971,4808,3118,1365,725,221,217,577,3633,1697,2387,2752,891,3651,3660,2078,4501,4111,3826,1416,4258,1476,8,1054,177,4036,4700,4222,1078,26,1833,1149,1508,763,1978,2035,2875,2784,2904,4520,1955,4680,2955,2961,3936,141,1752,1170,1441,618,470,1023,1462,4986,4334,2358,3581,1823,485,686,3866,3721,2726,859,1090,2973,278,3013,2980,4980,2193,2038,322,1197,4516,492,267,2646,4430,4640,1049,597,1631,2741,4934,1254,948,836,4478,274,3121,777,4332,2459,4390,1834
329,3733,100,2905,110,380,4607,793,960,2452,3006,1827,2138,1005,661,2008,3243,406,2496,2766,3661,1372,4748,4589,1532,3437,2299,371,3122,2204,1955,440,456,54,3543,4903,2927,2734,3548,2353,2263,3587,3592,1623,1433,4441,4178,446,3053,936,1515,1931,4483,1395,1604,640,1247,2635,3390,759,54,4187,3366,4871,2204,965,479,2942,4482,3866,1349,4082,1520,4021,4497,2509,3773,617,2331,2284,1771,3360,737,1947,825,4699,2717,1085,991,1878,1451,374,2687,1758,664,3948,4956,4538,3236,3456
35,144,507,1585,250,3482,574,3799,1887,2136,1890,1902,1107,2490,2602,4001,880,727,486,96,1749,3939,2585,577,1727,971,2281,2902,2519,2278,2886,1328,681,4153,2309,2641,2816,3292,3797,3031,2422,4081,724,2350,373,3650,2951,1230,3639,539,314,3470,4979,4550,256,417,3171,3607,3605,2467,4071,4813,2721,1433,4175,4109,3269,4485,1813,3155,603,301,1922,221,726,3100,4557,4613,1239,4066,3796,4462,3000,3265,126,4159,2884,4222,2377,774,2583,2625,3248,4897,4463,3221,4784,4737,915,1297
3458,3623,1128,4990,130,253,4869,4095,3884,79,1165,1101,4353,2796,4712,3754,4219,1400,4870,1395,1640,4297,2930,2193,2148,2835,1724,4333,4397,353,2636,196,4768,163,2429,4723,3513,3807,757,3997,4479,3283,1526,3182,20,4281,3771,3512,3629,1372,1492,797,3351,4269,977,1229,3053,3074,3625,1915,471,747,1415,1720,3488,4927,1714,2778,369,2164,544,1527,3718,3039,2365,3680,4148,754,592,4047,361,1140,2880,3092,2049,1149,2768,953,1908,4798,4762,3682,3933,4783,4058,273,4243,263,4595,796
1858,207,1069,3835,3518,1117,4795,2635,1480,3779,4758,457,746,330,3686,3907,4096,4389,737,2798,1520,559,913,2196,2101,819,857,3049,1856,4296,4270,1787,955,2164,1625,3257,2017,3833,235,228,2505,4130,4198,680,4789,4902,1604,3998,3892,2097,1739,1319,3271,3517,1129,4059,1648,4855,1146,3490,422,1098,271,3270,542,883,4231,360,2911,3002,3157,4811,2776,4090,1974,4386,1584,3037,1965,4466,4881,4138,3857,4333,3296,2954,1212,730,4822,1403,680,2454,424,2034,1434,4992,1926,1870,3321,2269
1357,1898,2687,2427,665,1354,600,1772,4431,1170,1305,1038,2882,477,3045,3355,3383,4927,2646,4474,99,780,3115,3923,4385,4546,627,896,527,4231,3823,4528,2484,2521,2364,417,1134,454,381,4522,3011,2294,3007,1248,3149,4106,3391,3617,1320,1849,2420,4629,115,3664,1124,61,3233,2342,4627,4470,129,1932,1113,4137,1596,1661,2439,4429,4801,4978,3311,965,1462,1784,423,2366,2851,2359,3421,4687,1151,4056,499,3789,2437,2607,2549,2586,2148,2953,3808,391,3226,349,3454,2508,2293,2744,3565,755
481,1321,11,2223,3280,1404,3880,4354,4985,3638,830,1551,1715,1036,118,2179,4474,1068,232,1503,2770,1787,1999,751,3935,1686,3289,3176,2691,3027,3609,2886,1716,2034,4061,2763,1646,4594,4526,1809,3050,3715,4310,3045,3624,2890,848,336,1930,1384,3089,1038,3351,4240,2115,1113,4258,147,4823,3218,3300,433,4387,4044,3016,2829,481,498,4224,135,719,582,4144,4707,1024,1726,3100,4504,2455,3860,2686,3688,4390,4661,3590,3308,3102,1569,1939,4612,3478,604,1564,3849,4685,3247,735,4452,204,2646
4101,1473,318,4481,2349,615,1114,4739,4816,3578,517,3926,2414,3927,1497,4456,2783,4643,2759,164,1681,1773,474,416,3554,1150,1118,938,193,3126,1890,982,4961,604,2269,3096,4088,303,2702,1794,3224,1559,4777,4413,4571,1587,1519,1003,3957,380,2505,2871,1771,4046,936,1266,3112,3889,1737,982,702,1580,1964,4512,1037,4053,502,3077,2491,1753,1979,745,399,1144,4609,2179,1608,4415,1947,385,4442,1407,3646,1691,3536,3769,3601,3836,2763,3099,2433,1818,1362,4284,4550,811,3846,4346,4402,153
2795,1817,2005,2756,993,2147,3396,1878,3039,3151,2943,4254,4130,2235,2580,900,3596,2914,4732,3195,3896,3138,1728,4444,2842,680,589,4606,1618,2732,569,408,4962,2821,2302,2702,2877,759,2918,3919,2219,1688,732,2342,1157,4298,3096,307,102,1451,1806,4647,4520,2951,2487,3446,4210,511,1807,350,906,3365,713,900,2193,1795,774,466,486,528,1470,1731,138,1793,4600,1656,4597,2099,1952,1209,4266,4305,557,4210,948,3443,3961,2700,489,4358,1206,3424,2049,1812,4388,2118,2126,4573,1122,3491
4185,2354,375,577,3467,2505,1319,2968,2407,2612,1539,644,4400,3102,4745,2584,2844,1630,1054,859,2239,3372,1608,2891,3039,3864,4131,2476,1204,2149,4050,250,44,1542,3918,4462,1854,803,4855,11,421,1731,4027,1629,2206,176,1532,3296,3760,3307,682,1574,3206,2674,2028,4218,4123,761,3078,957,1372,1011,4141,1787,2337,4670,1153,807,3736,4492,2462,1703,4716,2609,4439,2624,897,910,3456,2586,1035,2561,4393,2569,3802,3841,1172,661,3249,3156,1632,4046,3874,2760,2754,4561,1855,2048,1021,1577
2560,3751,2549,4822,2805,1900,3615,4019,3658,2294,4809,2839,2744,1761,801,2065,644,4646,4654,1299,4354,2699,110,1510,3892,270,2659,3085,863,2142,3098,4797,4773,1908,4671,1781,2301,4164,1711,1798,3946,612,2175,2823,1179,3288,1676,2860,4030,3828,4785,4472,3216,1553,3692,1292,3810,3783,4635,259,3553,1491,1457,3656,1219,3593,2180,4486,2051,3267,4807,1740,4409,4325,2486,2299,870,4207,4540,2010,1403,1951,1922,414,1624,3861,3715,3034,3480,3235,576,2923,4445,2593,2040,2743,3787,3784,3109,4550
3289,699,2596,3958,2725,4311,2731,1834,3295,3558,3671,3176,821,1775,4094,1460,3393,3094,1873,27,401,3072,3298,3894,3764,3629,3149,3150,2883,4974,3686,2225,3784,1792,3432,3331,2492,3796,438,4940,3689,702,3834,4438,451,783,1113,3439,2380,2673,1953,4623,4213,1657,1250,4894,1441,2170,1701,4762,1166,1558,396,4719,1771,4144,1905,527,2688,704,3077,3519,4989,939,685,3414,2221,3208,4052,3161,2520,3980,2278,3456,1425,2576,1195,1241,379,3831,3622,386,869,344,1073,308,4660,4393,4991,1700
2086,1285,1439,1335,2169,457,1291,4574,4218,4653,2336,3928,230,4088,1861,649,3827,1756,3704,4094,1721,2023,4832,4231,239,392,4283,4105,3398,163,2254,1886,2515,784,4435,1512,2203,3198,2831,1108,2932,3500,3982,4698,1693,2141,2390,4441,2412,384,3607,3093,102,3948,3026,2414,1282,1190,728,707,4111,3052,1882,2004,1197,4673,73,2463,1949,643,450,3976,3113,784,2556,1143,3355,898,3397,1132,4861,3146,510,585,2119,3140,4693,3764,4575,2546,1026,597,3359,2128,1203,3736,4794,1127,4917,3140
392,4647,1192,3804,4032,692,535,1167,2822,3126,249,1475,3112,261,1703,2056,657,1441,454,4709,481,1142,507,1517,2562,3025,3277,1342,4452,4710,3509,4452,3837,4005,4024,2472,1150,319,1650,2992,973,3864,1136,1822,4101,3854,2960,4496,4230,2939,3057,2805,4396,1728,2737,4069,1706,497,772,3382,4449,4634,864,4631,2530,4160,3044,4582,869,2772,650,400,2216,2316,632,4814,2623,196,2190,1570,3216,4885,4661,4371,1864,1254,3760,2254,3405,2679,4080,1742,4814,2602,4136,3087,3893,2959,2397,1953
1756,3782,4967,2230,3186,456,3049,4475,1790,3846,4774,2043,1250,1500,659,377,3507,873,224,953,108,670,2460,3764,1807,3839,4363,2575,3656,1497,4977,4497,4111,1308,1099,3468,4200,4478,1232,3761,641,4227,1626,2523,2975,3103,3961,1553,563,17,3084,4021,4376,1210,3046,2080,748,3983,1233,4660,2058,4637,3408,3685,479,4688,2754,571,251,4628,1703,2697,4812,3044,1193,827,1957,3214,3640,4317,4477,191,4050,952,2825,1656,2831,3787,4271,3093,476,876,2606,3010,2973,4135,696,1221,1239,1149
3457,2996,1480,4729,4408,3276,2149,4138,982,415,2837,3558,968,3040,601,3629,79,4327,1993,1570,4054,2538,1800,119,4127,2851,4111,2970,1973,745,1817,2456,1688,2375,4267,4656,2168,2877,51,4384,315,2750,3166,1585,447,1253,3257,3807,191,109,523,3151,4577,4387,2945,361,755,4802,3833,3695,3716,4647,2964,4733,4650,3979,4326,3119,2373,1906,1001,618,1357,4111,759,2937,805,544,3897,3644,2024,538,3471,3693,3386,930,1913,3781,4022,908,2925,1531,4280,347,1971,4637,312,1296,3575,4411
805,2998,2600,1298,615,1520,648,2270,4447,4083,1472,3482,2618,1568,1922,3986,2568,1799,2555,241,3340,4518,1919,2965,4767,3468,1881,771,3024,2973,4431,3949,3428,2360,2270,2161,3939,2825,694,3934,1486,104,487,3585,4348,324,655,3242,716,1309,1790,3595,1797,4884,3620,3268,844,4377,2231,394,2607,2936,438,3181,2706,1123,3796,1449,4143,3967,1976,4617,2440,2425,4586,1937,1110,4743,3705,3193,1336,4646,2790,2236,168,931,3100,2967,1553,1292,3677,2063,61,4675,2155,473,3446,3989,2836,2362
75,861,474,1201,3927,3738,2327,4521,1523,1615,4725,2681,4821,2365,749,1997,516,3630,4701,4290,2046,702,4758,2029,1683,2317,2145,4616,2210,879,1330,4823,112,397,275,4176,2784,4425,2188,1342,1526,3520,4946,903,398,1242,2516,3731,4682,358,3211,4630,506,1956,4120,4038,3131,1144,1463,4422,2204,3345,713,297,3170,1430,2078,680,1058,2045,4610,3475,1614,4667,2890,215,3149,788,1068,342,3933,3612,3045,2680,3728,2762,2563,75,2990,4872,3808,3915,3831,852,270,3736,4826,4769,2142,1227
1930,1973,286,152,4048,2574,4478,2151,3949,1585,599,3947,2011,317,4817,1168,4739,2265,168,278,3493,4134,4059,911,4954,24,2501,4216,2306,3616,4851,3900,3269,4052,53,3335,918,3004,3619,609,2050,1905,2597,4437,3301,4699,1489,307,3113,2798,1647,83,4400,4964,1428,4344,3810,4150,4104,1097,4314,450,1751,4313,1269,380,449,4996,568,1405,1658,1805,2081,4137,3612,3356,3325,2581,154,1951,4918,4532,250,1433,4096,748,2458,701,1368,2661,4298,2501,1816,370,2840,3953,2485,2183,1239,1794
4215,2113,2360,3939,1744,4850,781,274,3369,1979,1629,2363,4588,992,3262,3302,2637,4500,2899,3626,1125,2744,3334,4972,2460,4363,4537,2494,1543,680,2568,2283,4524,3685,1447,3557,4805,205,587,2731,904,4992,505,4981,4279,3347,3672,4487,48,3397,1680,2487,3658,4383,4015,3173,2079,1639,3854,1192,2394,4073,4804,2516,4069,2071,2669,3098,3238,4897,1800,3396,2796,2731,1831,2405,2138,3995,3745,4516,3601,4784,655,2512,3976,2234,2806,4843,3508,3216,2340,3888,3599,3077,1310,4516,4382,3473,614,2986
4883,744,3803,3702,2447,4224,3321,496,1680,855,933,1674,1918,1094,2386,3395,783,1166,3165,1712,1024,2728,2848,1238,3414,4960,1858,1361,3651,4224,384,4911,4938,2654,2180,864,1583,3763,812,842,3659,237,804,3347,1090,815,2807,3366,3553,1250,534,1074,1075,831,1730,2915,3850,70,1815,1037,3722,4963,1442,2566,3904,2565,2776,4424,4287,3124,790,1035,4085,2157,131,2595,2531,1384,2977,3975,3906,3774,1852,278,4307,2018,4320,340,4955,2311,911,1742,4836,1664,2590,1817,1736,4701,2344,4104
3923,2743,3742,1493,825,363,559,604,3575,104,3878,1808,4245,2283,1000,2775,800,784,4961,2147,1770,2064,4347,2616,425,395,4989,1713,4319,4831,3212,4929,2779,4901,1538,2999,3745,4940,3216,337,3851,1788,1791,4307,2028,2710,3002,1657,3737,250,422,4138,4726,1759,3298,3321,1002,131,344,2894,991,195,2796,1728,3258,4602,4673,405,4243,2701,2200,3329,4071,1570,2189,3308,4524,4895,1210,4599,3599,1694,2837,396,3998,1588,4504,1706,116,2404,4247,2027,1064,1645,4488,1423,2424,4167,1522,4689
2154,4051,1078,8,1039,1823,2982,4495,4321,647,3800,740,4663,467,953,2195,2383,4107,3800,3565,2052,3625,4827,2976,1280,3965,2720,3090,4952,4462,4027,3484,2488,2414,1552,729,4906,307,132,1348,677,2892,176,1509,959,328,1790,4159,834,1188,4427,28,426,3418,2308,3636,3706,4728,2096,2441,618,485,4109,1429,197,2833,1244,4121,2370,2809,1242,2945,804,2396,659,3411,4572,2697,1590,646,255,3530,4781,4942,2968,2084,90,1594,2878,174,1984,732,1,1271,2514,3238,3101,431,1792,2728
4398,1449,738,1678,4699,4785,1738,2444,3528,3317,1615,4863,3449,3753,1015,3968,3117,3849,3572,3283,662,4573,3659,423,821,2249,1747,2365,2511,3864,2561,3088,3547,3263,2553,2193,3919,2083,4985,4692,3130,1816,4131,159,102,2556,1317,3662,3140,4186,4958,3815,679,869,4832,1869,1073,1765,3732,4295,2233,3551,3852,37,1948,220,1640,892,3903,3848,1119,3439,1319,3803,327,4378,3548,2820,1435,515,4883,3929,16,720,575,708,4092,3099,50,546,1060,3542,1300,4167,1207,1489,3441,3809,4588,1807
1673,2663,4134,3258,2166,892,2427,3169,2627,3759,2663,240,3611,4323,3140,2561,1569,1021,4300,2391,219,154,937,4536,451,4761,3281,459,1015,4930,361,84,2375,188,4669,2956,2906,3021,2790,2543,1807,934,3767,783,2089,1443,3233,807,3685,1841,4090,1008,3420,186,3490,3482,1678,1883,2250,2722,899,3021,3941,2972,247,290,3498,4867,4013,2269,2834,2820,2787,635,1990,3544,548,4155,1062,1059,2701,4067,2881,177,69,3259,4144,4438,4069,1259,2701,846,2167,265,1878,1786,2170,2244,3015,838
4316,4595,3410,1930,109,2887,2594,1826,4808,3304,318,3006,616,4383,4309,3695,4523,729,1435,1528,4427,1427,216,784,3270,2637,545,505,2451,854,1876,528,2301,4484,4399,3266,4425,205,3069,1660,2588,3819,967,2781,3268,3126,2876,1707,516,2754,1867,2353,1284,1908,102,3831,3157,4144,3518,91,1342,4305,3156,3678,93,4424,4832,4387,1282,1142,4900,1103,807,931,1966,3343,1732,87,2809,889,3033,3239,3201,66,4120,1494,3728,3640,591,4990,3904,2672,2330,3870,4999,771,823,342,815,2806
4577,2702,1414,293,728,3268,1846,555,758,3953,397,4131,3932,4431,1361,4612,2548,81,2601,2431,4745,1835,1096,720,2435,3932,4614,3614,283,3304,3579,3780,2751,533,1454,2491,3956,1788,4987,1854,4698,4901,1214,1084,2547,993,2374,3474,2789,413,1122,3567,4043,3942,2083,820,4496,4609,3852,3587,2349,2771,4675,3871,2254,3900,3555,4004,657,4447,2117,4210,3774,3596,585,4700,557,4010,775,167,1229,1679,1769,3558,809,1981,3604,1329,2575,563,3295,469,4460,2241,2811,192,4262,4543,4207,1345
2589,2157,2844,883,1810,674,3563,1991,2443,3330,2513,2624,3605,1379,3412,310,3495,797,20,1726,4791,3972,4951,950,1926,535,2706,3322,865,220,3121,909,2102,2132,3572,3566,3063,214,196,216,2901,3760,2214,1550,1736,1862,4071,1118,3201,321,1111,1710,4163,1012,3800,1545,2649,4476,4098,4899,3708,3265,3148,1994,3284,2457,3733,2491,3195,265,4181,4174,1894,1589,1388,4359,438,1336,2377,984,2672,4228,2690,656,3184,4935,2240,2437,4708,2063,3433,1280,3606,1112,4312,2474,4776,2019,1043,3612
999,3767,3606,1425,4652,2851,82,1337,3876,321,4979,2546,1213,106,1787,1505,380,2609,1024,3844,1768,1017,3199,30,4224,2564,3273,2519,4691,873,944,504,1467,4208,2305,3240,3585,3217,2087,942,2063,2036,70,4107,3698,3039,3487,487,1792,1876,2009,2896,1068,3498,2935,3404,4516,2623,3062,1771,2408,706,4836,4177,3202,3572,1453,3422,1791,3193,2312,2442,642,4730,589,3007,2773,4769,4436,99,4790,563,4260,1240,4485,1566,1182,222,2720,2421,4141,4117,4808,536,674,4382,3615,3515,2664,382
202,2962,971,4569,1863,134,471,1704,2289,50,775,2856,3751,3596,3327,2879,446,2679,4128,1002,2533,4443,1209,1332,84,3666,362,479,2459,2955,4363,242,4152,886,1824,3016,3921,2333,2938,4255,3709,765,4491,904,9,2595,3706,1161,2760,3272,2872,629,4201,3417,2460,1462,2044,3311,1466,1733,1018,3539,4028,4972,3626,627,3808,2577,3388,3160,4589,1500,326,4919,2833,4486,1387,2775,3093,3617,4547,3179,2529,4559,1351,3873,2523,2308,973,4258,4179,3460,4088,4624,2507,4579,3722,3756,2357,3348
3099,4668,556,4860,2342,4062,4907,4466,1421,1995,2533,1551,1542,4171,998,3381,1559,1880,3919,4711,3820,755,1605,4090,4692,513,4331,3936,3348,574,1904,243,4424,3286,13,2575,242,1644,2491,4895,4419,1107,357,856,4298,1901,3404,4148,1281,867,4660,2953,835,1516,37,3985,3214,4311,3311,2265,3404,1089,4339,4969,3043,2904,2340,4696,1372,2459,1789,278,1755,2473,3610,223,3976,4602,4085,4845,3687,218,340,3611,1114,2505,405,2168,366,2596,2235,4032,4053,2399,3320,2948,3036,447,617,3726
3895,4835,3746,4975,1974,3879,1688,3822,709,4530,3101,3639,3611,3480,3382,12,1280,3434,418,4571,1647,109,2313,4752,721,866,185,4586,102,269,2822,4422,898,1648,543,2996,2446,395,3318,2366,1981,1630,4818,4816,2630,3058,2851,3608,2918,1480,3165,110,4990,2138,3797,242,894,3094,686,1476,912,2329,3509,4872,2268,3507,3002,1169,4886,2535,2933,4203,467,3421,2651,1300,2607,3036,3843,4413,3857,3413,3577,4296,1436,1253,4790,4948,3032,2660,2491,3143,1084,4401,3499,1223,80,3425,104,3189
2016,1102,4557,4243,3764,1401,931,4254,3706,538,860,275,4817,1218,413,2514,4539,4507,2001,2999,3975,4474,976,444,4059,1178,3249,2224,3192,4630,4087,1975,1029,1853,2353,3221,4208,4982,1639,1437,1047,4625,1540,1535,1191,1022,1625,3314,2714,4495,319,1230,210,3295,2731,2123,523,2876,3386,1596,4252,2502,2040,520,1941,3295,218,3159,2914,1103,124,4844,1349,963,177,4515,2647,260,346,3269,1904,1351,4219,3222,4369,4775,188,782,2334,3422,1453,320,4978,521,2447,3538,4758,2,4960,3507
3998,352,3479,3051,966,950,2008,1374,2225,3530,4263,2939,1412,1890,1546,4109,2441,2530,94,1958,471,3063,1971,950,2174,929,332,1694,310,1831,1705,4923,3274,3926,2889,686,2759,4026,4179,848,4966,3926,2850,3829,1390,4868,4058,4758,793,4083,4364,892,4669,3718,1819,2735,2417,433,323,557,3922,2850,3317,68,3304,752,1481,2759,1749,3732,3546,1699,336,1311,4953,4070,4228,4571,3297,298,2633,2670,237,996,3945,1974,2023,1179,2857,932,1588,3808,1779,1128,3377,4914,742,2557,1950,4051
3635,62,540,1278,2291,1981,1459,282,3845,3329,2439,159,2220,2235,3077,406,2907,3119,2465,1136,4612,1799,287,4049,2771,399,858,2556,3548,1687,2967,2014,4069,2677,2651,2985,2724,1819,1269,2766,1482,2772,4571,1998,1160,1048,3582,4647,370,3179,4972,1217,657,3821,1438,4770,137,1306,4898,1397,2021,306,748,3453,2196,954,291,1566,1546,43,4595,783,1822,1451,2474,4507,4986,3380,2384,3592,3768,2791,746,4431,4632,1698,1786,623,2560,714,4376,4611,976,2019,4563,2737,2061,4436,991,2355
2928,1597,2339,233,1380,436,4576,249,2503,2630,1633,3637,33,3731,323,3479,1614,1668,2980,1105,3482,2593,1335,563,4196,1254,4772,602,3549,819,2615,3202,3928,1889,301,4680,1673,669,1329,2850,2112,3564,886,3092,2202,972,2558,4027,2749,3871,1987,2536,1134,3693,3714,3103,4615,1454,253,4467,1220,2348,2681,2785,861,1966,4563,4203,2465,3527,2731,3501,2304,2128,3875,4452,318,2615,3996,202,3426,3204,3216,4005,4881,2187,467,2172,876,3316,2426,3420,2429,4464,3249,2059,4977,1986,1,3764
673,1002,2930,1091,4087,827,2607,3325,1712,1654,26,564,4376,217,359,3908,2223,3273,2187,4760,578,3089,2891,3110,4465,3908,51,1059,3116,4615,2386,4226,858,2822,2610,2928,2957,3989,1782,3677,4221,2026,4872,2377,1149,3056,4026,3435,1313,2985,1124,2847,4932,735,3501,3356,3959,4922,3554,27,1688,334,3811,2110,3528,134,1500,2707,4769,1657,4194,4834,3277,3621,2539,3513,2175,1257,360,2923,4497,4675,3115,1155,2448,3459,1612,4428,2389,3037,4177,2661,1325,299,4118,1941,876,356,1193,3537
2228,540,1416,2114,4308,850,462,3030,3958,4813,2777,4602,4950,858,3311,2904,2760,479,2538,4689,1150,2341,3804,546,4375,3363,1380,4187,1112,4806,2886,1768,3827,1174,172,3017,1892,697,4554,1285,2279,4606,2540,1724,1872,2226,542,1276,4684,2984,4515,4781,2799,3672,3179,494,1223,998,3330,3183,2793,20,1250,1263,4984,3497,3768,4965,3371,4619,322,4478,3210,37,1785,3669,47,2628,838,2164,872,1220,1403,1615,4337,843,391,2572,1894,4552,2754,1386,2626,3243,248,2936,383,3999,1779,2756
2744,1891,3709,3413,4186,1013,94,1035,4576,3515,3896,143,2587,587,1019,3756,4123,1012,1467,1138,1134,4534,4944,3575,4944,2972,499,4033,3469,1768,2866,1903,3580,3586,1571,3223,4604,2152,4730,1060,2816,3226,3332,1483,211,778,4322,2168,15,218,532,3066,2594,4444,1580,4402,621,1561,1053,4516,2611,3847,331,1636,3400,667,55,2693,2536,2064,4860,1821,1383,4770,3305,3891,758,3231,342,1986,745,2422,55,1421,1788,4520,3556,3674,4109,4147,1782,1676,1438,4056,1877,379,4726,2975,3020,3836
1138,4828,1953,1353,2630,1936,3565,3901,4537,3507,4131,1441,562,4546,2281,4690,2650,2649,1023,2491,3344,349,548,320,1533,4324,2269,3159,991,379,3691,4699,2504,3592,249,3036,1514,3187,4274,419,4851,1933,2139,1834,924,4713,4189,4650,3261,1155,4605,4842,3396,672,1501,414,4513,546,137,409,2471,2077,2919,688,2093,1377,88,991,4559,4639,698,2834,3601,4887,1497,2231,1876,3939,4331,1575,4066,3067,105,4870,480,384,2472,2951,4546,1355,1400,2861,3489,964,4500,4941,2641,4236,4223,4703
1969,4168,1495,941,1732,3540,139,4818,229,1650,1389,1814,1521,2586,730,3601,189,2582,4723,1438,3131,2835,2288,506,658,4585,2330,2882,1025,4008,2214,1366,2176,4622,1679,3730,4049,3450,3534,4550,3613,4787,632,2537,543,4935,4475,1144,2870,1864,1729,2802,4553,62,864,3397,2652,889,1054,3925,3409,4322,4146,3929,4474,3371,64,4339,2701,2630,157,2934,3129,2913,1375,2111,3060,2238,1014,5,1679,3969,762,3006,4780,2245,4328,3353,4954,1996,3983,3387,2555,2417,991,1287,2081,3611,441,4822
1456,1709,732,2055,1618,4130,3984,675,2793,785,339,454,167,2572,4237,463,3838,1533,4852,1890,2948,4517,1910,4454,2540,2311,2496,1565,2198,4728,4542,3843,1451,4540,2424,4176,1820,2727,2610,3859,602,4501,3046,1384,4438,1769,4274,3290,302,4218,269,2677,3473,1053,3956,2273,1710,4082,4621,2924,2766,1655,1079,1083,4226,1242,3102,2859,2691,4764,2276,2041,1949,3040,1684,988,1181,876,880,154,1425,589,4882,3884,931,277,4042,2082,2284,151,313,4235,4961,4049,878,1973,2453,2533,3411,2241
2284,1707,2231,4701,3058,1630,147,2358,3512,1652,1954,1431,3670,4815,3380,3382,3365,995,150,2628,2133,4562,747,3467,713,404,2662,4227,3613,2005,3730,2793,928,142,4997,3414,3558,2110,4291,4601,1486,3866,643,519,3787,577,3861,3542,4613,3643,2281,1140,1030,2929,3120,521,2107,4555,2647,1544,2162,3458,155,2048,2663,1324,1242,407,1263,1582,4941,2768,4096,1531,2205,4705,4748,1916,1790,1142,258,4935,1393,2650,676,1719,3675,212,2703,463,1018,1184,4281,3786,498,2226,2362,4544,1366,310
3681,3630,689,982,3107,3169,2608,565,37,3779,979,2623,732,3978,92,1578,1492,1360,2241,1096,4837,2686,2506,2658,3674,3210,116,2357,2493,4437,1046,1254,1809,4659,3787,1223,2532,2281,4873,1706,2192,1671,3858,1189,11,592,793,4072,3710,1687,103,2354,1811,4692,2136,3911,3243,3431,4528,3408,2073,204,300,3464,1703,3034,1527,3340,3492,2557,2631,2963,1757,2910,4229,830,3800,4428,734,2480,2551,4905,2457,882,3642,2951,1133,1880,3552,4151,1889,4315,3376,487,149,4581,4844,750,2180,1365
2939,952,2578,3124,2980,4506,1590,2070,4101,1528,3943,3445,3230,4172,3427,4547,1471,1551,2087,4113,950,3337,3511,3458,3419,3748,170,2312,2886,3413,3334,3925,837,1650,1510,1334,4676,1488,273,3499,1501,75,2398,3691,48,3039,4788,3209,302,1026,4341,139,2276,2557,3954,1764,2165,542,558,4026,3802,3721,3660,89,1695,1027,4163,3265,2043,2977,398,4472,4538,4631,2370,648,2548,1738,1933,1538,2035,1877,3897,206,3625,110,4295,497,2937,1480,4892,3944,3450,1329,4336,1436,3952,2986,3732,4681
351,3798,4475,692,1178,360,1212,1933,1061,871,2158,4518,2867,1382,4868,865,2772,758,1279,119,2720,4017,460,4305,1838,673,4838,993,732,2940,2632,1431,1384,1550,1902,1041,4620,3244,827,1061,745,2639,4983,2793,2094,3411,1954,4263,1097,4056,121,1041,2483,1213,1185,4942,4912,4882,15,4834,1401,963,3294,226,4364,2477,4121,74,4651,112,3121,4655,1909,1750,2121,1162,4977,922,1239,1469,119,1641,3108,4765,3016,3863,962,1439,4269,3375,4140,3435,3435,4924,1515,2280,1145,2238,1352,2477
4750,2186,4463,3688,2364,2483,3456,1745,1028,793,1254,4129,4970,2070,3010,2357,1141,3823,405,1328,2756,30,3528,3129,3396,4781,677,425,3371,517,759,1062,3175,4742,4518,3081,3523,451,3133,2346,18,2468,3912,1259,2990,3700,3442,4394,4382,813,2708,3690,4674,1495,1950,2640,592,2754,337,2733,4405,3099,3211,3613,3158,1591,1450,2422,856,579,260,1490,4415,4081,1884,2861,2641,3247,1643,2871,1343,3573,173,4910,2470,2853,193,2619,687,3649,249,2820,3253,4906,161,3473,2414,1472,4585,2946
3529,2986,3763,4848,949,1552,4438,3868,778,1982,1396,4140,478,4299,4618,2076,1305,3268,2292,2227,2354,308,93,4311,2907,2644,4867,2719,1736,1307,246,4696,895,2375,3376,3212,66,2723,4814,3584,3570,1431,4337,4339,1346,4313,1585,3761,2721,4131,239,4692,3819,4998,4737,4809,967,464,3911,2997,3264,3054,947,4778,1514,651,4927,4014,393,2439,2092,4318,4457,4200,4302,720,1233,109,3977,4028,2909,3453,4486,906,3724,358,4317,3456,868,1814,4541,3836,154,1657,2028,2810,4928,981,3692,1429
